date,commit_sum_count
2010-01-21,12
2010-01-22,19
2010-01-23,21
2010-01-24,22
2010-01-26,24
2010-01-29,35
2010-01-30,47
2010-01-31,58
2010-02-01,59
2010-02-02,62
2010-02-03,66
2010-02-05,68
2010-02-06,69
2010-02-07,71
2010-02-08,75
2010-02-09,90
2010-02-10,98
2010-02-11,100
2010-02-12,107
2010-02-13,115
2010-02-14,123
2010-02-15,148
2010-02-16,155
2010-02-17,156
2010-02-19,158
2010-02-20,160
2010-02-21,161
2010-02-22,174
2010-02-23,178
2010-02-24,181
2010-02-25,183
2010-02-27,184
2010-02-28,195
2010-03-01,197
2010-03-02,200
2010-03-03,205
2010-03-04,217
2010-03-05,221
2010-03-06,222
2010-03-07,235
2010-03-08,247
2010-03-09,267
2010-03-10,286
2010-03-11,298
2010-03-12,305
2010-03-13,311
2010-03-14,322
2010-03-15,335
2010-03-16,339
2010-03-17,355
2010-03-18,364
2010-03-19,388
2010-03-20,396
2010-03-21,397
2010-03-22,400
2010-03-23,402
2010-03-25,408
2010-03-26,409
2010-04-02,412
2010-04-08,428
2010-04-09,435
2010-04-10,438
2010-04-11,440
2010-04-12,455
2010-04-13,490
2010-04-14,491
2010-04-15,499
2010-04-19,505
2010-04-21,508
2010-04-23,511
2010-04-24,517
2010-04-25,527
2010-04-26,528
2010-04-28,530
2010-04-29,532
2010-04-30,536
2010-05-01,537
2010-05-02,538
2010-05-06,540
2010-05-07,544
2010-05-08,548
2010-05-13,549
2010-05-14,551
2010-05-15,553
2010-05-16,561
2010-05-17,569
2010-05-18,575
2010-05-19,576
2010-05-20,593
2010-05-21,595
2010-05-22,602
2010-05-24,603
2010-05-25,606
2010-05-26,608
2010-05-27,615
2010-05-28,619
2010-05-29,625
2010-05-30,628
2010-06-02,629
2010-06-03,646
2010-06-05,648
2010-06-06,649
2010-06-10,650
2010-06-14,651
2010-06-15,654
2010-06-17,660
2010-06-19,663
2010-06-20,671
2010-06-22,674
2010-06-23,675
2010-06-24,676
2010-06-29,678
2010-07-01,679
2010-07-02,682
2010-07-03,684
2010-07-04,691
2010-07-05,708
2010-07-06,716
2010-07-07,727
2010-07-08,741
2010-07-09,743
2010-07-10,744
2010-07-11,749
2010-07-12,754
2010-07-13,768
2010-07-14,773
2010-07-15,775
2010-07-16,776
2010-07-17,779
2010-07-18,786
2010-07-19,788
2010-07-20,789
2010-07-21,794
2010-07-22,797
2010-07-23,806
2010-07-24,812
2010-07-26,814
2010-07-27,822
2010-07-28,829
2010-07-29,831
2010-07-30,834
2010-07-31,843
2010-08-01,847
2010-08-02,851
2010-08-03,855
2010-08-13,857
2010-08-18,860
2010-08-19,862
2010-08-21,863
2010-08-22,879
2010-08-23,888
2010-08-24,910
2010-08-25,927
2010-08-26,935
2010-08-27,948
2010-08-28,952
2010-08-30,955
2010-09-01,978
2010-09-02,987
2010-09-03,1000
2010-09-04,1003
2010-09-05,1012
2010-09-06,1016
2010-09-07,1033
2010-09-08,1037
2010-09-09,1043
2010-09-11,1049
2010-09-12,1060
2010-09-13,1061
2010-09-14,1064
2010-09-15,1067
2010-09-16,1069
2010-09-20,1077
2010-09-21,1086
2010-09-22,1087
2010-09-23,1093
2010-09-27,1107
2010-09-29,1111
2010-09-30,1117
2010-10-01,1122
2010-10-03,1126
2010-10-04,1130
2010-10-05,1131
2010-10-06,1133
2010-10-08,1141
2010-10-09,1143
2010-10-12,1144
2010-10-13,1149
2010-10-14,1152
2010-10-21,1155
2010-10-26,1156
2010-11-03,1158
2010-11-08,1163
2010-11-14,1164
2010-11-15,1170
2010-11-17,1171
2010-11-21,1172
2010-11-30,1177
2010-12-07,1183
2010-12-14,1193
2010-12-16,1194
2010-12-18,1201
2010-12-19,1202
2010-12-21,1208
2010-12-23,1210
2010-12-24,1219
2010-12-30,1223
2010-12-31,1229
2011-01-04,1237
2011-01-05,1244
2011-01-06,1251
2011-01-07,1258
2011-01-08,1262
2011-01-09,1277
2011-01-10,1280
2011-01-11,1290
2011-01-12,1303
2011-01-13,1308
2011-01-14,1312
2011-01-15,1313
2011-01-16,1314
2011-01-17,1315
2011-01-19,1320
2011-01-20,1321
2011-01-21,1326
2011-01-22,1327
2011-01-23,1330
2011-01-24,1333
2011-01-25,1334
2011-01-26,1335
2011-01-28,1343
2011-01-29,1348
2011-02-02,1350
2011-02-05,1352
2011-02-08,1368
2011-02-16,1369
2011-02-25,1372
2011-02-28,1373
2011-03-01,1374
2011-03-09,1375
2011-04-19,1382
2011-05-11,1388
2011-05-12,1396
2011-05-13,1398
2011-05-16,1406
2011-06-09,1409
2011-06-13,1414
2011-06-16,1416
2011-07-02,1425
2011-07-03,1431
2011-07-05,1437
2011-07-06,1448
2011-07-07,1457
2011-07-08,1469
2011-07-09,1481
2011-07-10,1491
2011-07-11,1493
2011-07-12,1496
2011-07-15,1497
2011-07-16,1498
2011-07-17,1499
2011-07-19,1504
2011-07-20,1509
2011-07-21,1511
2011-07-22,1525
2011-07-25,1527
2011-07-30,1534
2011-08-02,1537
2011-08-03,1538
2011-08-09,1542
2011-08-10,1544
2011-08-13,1546
2011-08-14,1548
2011-08-15,1551
2011-08-27,1556
2011-08-28,1569
2011-08-29,1573
2011-08-31,1574
2011-09-11,1577
2011-09-13,1579
2011-09-16,1580
2011-09-21,1581
2011-09-29,1582
2011-10-01,1583
2011-10-14,1588
2011-10-30,1594
2011-11-02,1605
2011-11-03,1612
2011-11-05,1619
2011-11-06,1631
2011-11-08,1634
2011-11-10,1635
2011-11-11,1637
2011-11-12,1650
2011-11-13,1660
2011-11-19,1672
2011-11-20,1677
2011-11-21,1683
2011-11-22,1694
2011-11-24,1708
2011-11-25,1711
2011-11-26,1713
2011-11-27,1717
2011-11-30,1723
2011-12-01,1735
2011-12-03,1753
2011-12-04,1759
2011-12-05,1762
2011-12-06,1766
2011-12-09,1783
2011-12-10,1822
2011-12-11,1836
2011-12-12,1837
2011-12-13,1839
2011-12-14,1847
2011-12-15,1853
2011-12-16,1857
2011-12-17,1878
2011-12-18,1882
2011-12-20,1891
2011-12-21,1913
2011-12-22,1931
2011-12-24,1934
2011-12-25,1943
2011-12-26,1961
2011-12-30,1963
2011-12-31,1975
2012-01-01,1977
2012-01-02,1979
2012-01-03,1990
2012-01-04,2005
2012-01-05,2015
2012-01-06,2029
2012-01-07,2050
2012-01-08,2065
2012-01-10,2078
2012-01-11,2102
2012-01-12,2117
2012-01-13,2126
2012-01-14,2127
2012-01-15,2128
2012-01-17,2137
2012-01-18,2149
2012-01-19,2167
2012-01-20,2175
2012-01-23,2182
2012-01-24,2189
2012-01-25,2192
2012-01-26,2194
2012-01-27,2198
2012-01-28,2207
2012-01-29,2212
2012-01-30,2216
2012-01-31,2219
2012-02-01,2220
2012-02-04,2227
2012-02-05,2234
2012-02-06,2242
2012-02-07,2255
2012-02-08,2258
2012-02-09,2261
2012-02-10,2268
2012-02-11,2269
2012-02-12,2270
2012-02-13,2271
2012-02-14,2273
2012-02-15,2276
2012-02-18,2277
2012-02-19,2279
2012-02-20,2287
2012-02-22,2292
2012-02-23,2296
2012-02-24,2297
2012-02-25,2302
2012-02-26,2303
2012-02-28,2308
2012-03-03,2309
2012-03-04,2312
2012-03-05,2315
2012-03-06,2317
2012-03-07,2322
2012-03-08,2325
2012-03-09,2329
2012-03-10,2333
2012-03-11,2335
2012-03-12,2336
2012-03-13,2344
2012-03-14,2345
2012-03-15,2347
2012-03-18,2351
2012-03-21,2352
2012-03-22,2354
2012-03-23,2367
2012-03-25,2370
2012-03-28,2372
2012-03-30,2378
2012-03-31,2380
2012-04-02,2385
2012-04-03,2386
2012-04-05,2388
2012-04-09,2390
2012-04-12,2391
2012-04-14,2392
2012-04-15,2394
2012-04-16,2395
2012-04-17,2397
2012-04-18,2407
2012-04-19,2417
2012-04-20,2418
2012-04-21,2419
2012-04-24,2420
2012-04-26,2421
2012-04-30,2422
2012-05-01,2431
2012-05-04,2435
2012-05-05,2449
2012-05-06,2459
2012-05-14,2460
2012-05-19,2463
2012-05-20,2466
2012-05-21,2470
2012-05-23,2476
2012-05-24,2477
2012-05-25,2481
2012-05-26,2483
2012-05-28,2484
2012-05-31,2485
2012-06-01,2500
2012-06-07,2501
2012-06-08,2505
2012-06-09,2506
2012-06-11,2508
2012-06-14,2510
2012-06-20,2512
2012-06-22,2516
2012-06-23,2524
2012-06-24,2527
2012-06-25,2529
2012-06-26,2538
2012-06-27,2543
2012-06-28,2546
2012-06-29,2547
2012-07-04,2548
2012-07-11,2582
2012-07-12,2584
2012-07-13,2585
2012-07-14,2588
2012-07-15,2589
2012-07-16,2595
2012-07-24,2596
2012-07-25,2597
2012-07-26,2603
2012-07-27,2609
2012-07-28,2611
2012-07-30,2612
2012-08-03,2613
2012-08-04,2614
2012-08-05,2619
2012-08-06,2621
2012-08-07,2622
2012-08-08,2627
2012-08-10,2631
2012-08-11,2633
2012-08-12,2638
2012-08-13,2643
2012-08-14,2648
2012-08-15,2652
2012-08-18,2656
2012-08-19,2659
2012-08-20,2662
2012-08-21,2664
2012-08-24,2665
2012-08-29,2666
2012-09-02,2667
2012-09-09,2674
2012-09-13,2676
2012-09-18,2678
2012-09-20,2679
2012-09-25,2680
2012-09-27,2691
2012-10-08,2693
2012-10-11,2694
2012-10-12,2701
2012-10-26,2704
2012-10-30,2705
2012-11-02,2708
2012-11-03,2716
2012-11-04,2717
2012-11-06,2729
2012-11-07,2735
2012-11-19,2736
2012-11-20,2737
2012-11-30,2738
2012-12-01,2742
2012-12-11,2743
2012-12-13,2744
2012-12-16,2747
2012-12-17,2750
2012-12-20,2751
2012-12-21,2752
2012-12-23,2788
2012-12-24,2789
2012-12-25,2791
2012-12-26,2801
2012-12-27,2802
2012-12-29,2803
2012-12-30,2811
2012-12-31,2812
2013-01-03,2815
2013-01-04,2822
2013-01-06,2824
2013-01-07,2826
2013-01-10,2827
2013-01-11,2840
2013-01-12,2843
2013-01-13,2858
2013-01-15,2864
2013-01-16,2866
2013-01-18,2886
2013-01-20,2888
2013-01-21,2897
2013-01-22,2908
2013-01-23,2915
2013-01-25,2917
2013-01-27,2918
2013-01-28,2930
2013-01-29,2940
2013-01-30,2966
2013-01-31,2972
2013-02-01,2977
2013-02-02,2987
2013-02-03,3011
2013-02-04,3029
2013-02-05,3041
2013-02-06,3059
2013-02-07,3067
2013-02-08,3080
2013-02-09,3082
2013-02-10,3086
2013-02-11,3087
2013-02-13,3089
2013-02-18,3092
2013-02-20,3093
2013-02-21,3094
2013-02-22,3104
2013-02-23,3107
2013-02-24,3108
2013-02-26,3114
2013-02-27,3124
2013-02-28,3129
2013-03-01,3146
2013-03-02,3147
2013-03-03,3148
2013-03-05,3152
2013-03-06,3157
2013-03-07,3158
2013-03-08,3159
2013-03-09,3164
2013-03-11,3167
2013-03-13,3175
2013-03-14,3180
2013-03-15,3185
2013-03-16,3188
2013-03-17,3193
2013-03-18,3206
2013-03-19,3207
2013-03-20,3221
2013-03-21,3225
2013-03-22,3227
2013-03-24,3228
2013-03-25,3233
2013-03-28,3240
2013-03-29,3245
2013-03-30,3249
2013-03-31,3251
2013-04-02,3256
2013-04-03,3314
2013-04-04,3333
2013-04-05,3339
2013-04-06,3348
2013-04-07,3362
2013-04-08,3385
2013-04-09,3387
2013-04-10,3399
2013-04-11,3402
2013-04-14,3404
2013-04-15,3409
2013-04-16,3421
2013-04-17,3423
2013-04-18,3424
2013-04-19,3434
2013-04-20,3436
2013-04-22,3443
2013-04-23,3445
2013-04-24,3446
2013-04-25,3448
2013-04-29,3449
2013-04-30,3453
2013-05-01,3461
2013-05-03,3462
2013-05-04,3463
2013-05-05,3464
2013-05-06,3467
2013-05-07,3469
2013-05-10,3471
2013-05-11,3472
2013-05-12,3473
2013-05-14,3476
2013-05-15,3477
2013-05-19,3479
2013-05-18,3480
2013-05-21,3483
2013-05-22,3484
2013-05-23,3487
2013-05-24,3489
2013-05-31,3490
2013-06-01,3493
2013-06-02,3494
2013-06-03,3495
2013-06-05,3496
2013-06-06,3497
2013-06-07,3498
2013-06-09,3517
2013-06-10,3518
2013-06-13,3519
2013-06-14,3520
2013-06-17,3521
2013-06-20,3523
2013-06-24,3528
2013-07-02,3529
2013-07-06,3530
2013-07-08,3531
2013-07-09,3542
2013-07-10,3551
2013-07-11,3554
2013-07-12,3561
2013-07-13,3562
2013-07-15,3564
2013-07-16,3579
2013-07-17,3589
2013-07-18,3608
2013-07-19,3615
2013-07-20,3624
2013-07-21,3625
2013-07-23,3635
2013-07-24,3637
2013-07-25,3641
2013-07-26,3652
2013-07-27,3654
2013-07-28,3667
2013-07-29,3668
2013-07-30,3670
2013-07-31,3671
2013-08-01,3674
2013-08-04,3675
2013-08-03,3681
2013-08-05,3685
2013-08-06,3689
2013-08-07,3690
2013-08-10,3691
2013-08-09,3721
2013-08-12,3723
2013-08-14,3724
2013-08-15,3725
2013-08-16,3726
2013-08-24,3728
2013-08-25,3729
2013-08-27,3732
2013-08-28,3760
2013-08-29,3787
2013-08-30,3788
2013-08-31,3792
2013-09-01,3808
2013-09-02,3822
2013-09-03,3838
2013-09-04,3851
2013-09-05,3861
2013-09-06,3875
2013-09-07,3885
2013-09-09,3887
2013-09-10,3889
2013-09-11,3895
2013-09-12,3896
2013-09-13,3898
2013-09-14,3901
2013-09-15,3919
2013-09-16,3930
2013-09-17,3935
2013-09-18,3948
2013-09-19,3956
2013-09-20,3968
2013-09-21,3969
2013-09-22,3973
2013-09-23,3974
2013-09-24,3975
2013-09-25,3981
2013-09-26,3982
2013-09-27,3984
2013-09-29,3985
2013-10-01,3997
2013-10-02,4001
2013-10-03,4003
2013-10-04,4006
2013-10-05,4017
2013-10-06,4018
2013-10-08,4026
2013-10-09,4028
2013-10-10,4030
2013-10-11,4033
2013-10-12,4034
2013-10-14,4051
2013-10-15,4058
2013-10-17,4067
2013-10-20,4068
2013-10-21,4072
2013-10-22,4073
2013-10-23,4085
2013-10-25,4086
2013-10-27,4087
2013-10-28,4090
2013-10-29,4109
2013-10-31,4111
2013-11-01,4112
2013-11-02,4113
2013-11-05,4114
2013-11-07,4115
2013-11-08,4116
2013-11-09,4118
2013-11-11,4119
2013-11-16,4120
2013-11-18,4122
2013-11-20,4126
2013-11-21,4136
2013-11-22,4149
2013-11-23,4210
2013-11-24,4232
2013-11-25,4260
2013-11-26,4276
2013-11-27,4281
2013-11-28,4285
2013-11-29,4294
2013-11-30,4297
2013-12-01,4311
2013-12-02,4314
2013-12-03,4350
2013-12-04,4368
2013-12-05,4387
2013-12-06,4402
2013-12-07,4408
2013-12-08,4415
2013-12-09,4435
2013-12-10,4447
2013-12-11,4451
2013-12-12,4457
2013-12-13,4474
2013-12-14,4478
2013-12-15,4481
2013-12-16,4488
2013-12-17,4492
2013-12-18,4503
2013-12-19,4506
2013-12-20,4512
2013-12-22,4519
2013-12-23,4522
2013-12-27,4525
2013-12-28,4538
2013-12-30,4541
2013-12-31,4556
2014-01-01,4558
2014-01-02,4572
2014-01-03,4588
2014-01-04,4595
2014-01-05,4634
2014-01-06,4641
2014-01-07,4678
2014-01-08,4695
2014-01-09,4706
2014-01-10,4726
2014-01-11,4736
2014-01-12,4738
2014-01-13,4751
2014-01-14,4761
2014-01-15,4792
2014-01-16,4805
2014-01-17,4823
2014-01-18,4828
2014-01-19,4832
2014-01-20,4836
2014-01-21,4844
2014-01-23,4846
2014-01-25,4847
2014-01-26,4850
2014-01-27,4852
2014-01-28,4855
2014-01-31,4857
2014-02-01,4863
2014-02-02,4871
2014-02-03,4901
2014-02-04,4907
2014-02-05,5003
2014-02-06,5016
2014-02-07,5025
2014-02-08,5034
2014-02-09,5035
2014-02-10,5039
2014-02-11,5043
2014-02-12,5052
2014-02-13,5061
2014-02-14,5067
2014-02-15,5074
2014-02-16,5077
2014-02-17,5080
2014-02-18,5085
2014-02-19,5091
2014-02-20,5092
2014-02-21,5097
2014-02-22,5098
2014-02-23,5109
2014-02-24,5117
2014-02-25,5125
2014-02-26,5136
2014-02-27,5179
2014-02-28,5195
2014-03-01,5202
2014-03-02,5205
2014-03-03,5214
2014-03-04,5218
2014-03-05,5226
2014-03-06,5243
2014-03-07,5247
2014-03-08,5248
2014-03-09,5262
2014-03-10,5279
2014-03-11,5294
2014-03-12,5320
2014-03-13,5334
2014-03-14,5345
2014-03-17,5347
2014-03-19,5350
2014-03-20,5364
2014-03-21,5366
2014-03-22,5367
2014-03-23,5368
2014-03-25,5371
2014-03-27,5374
2014-03-29,5376
2014-03-30,5378
2014-03-31,5383
2014-04-01,5417
2014-04-02,5430
2014-04-03,5432
2014-04-04,5435
2014-04-05,5450
2014-04-07,5457
2014-04-09,5477
2014-04-10,5480
2014-04-11,5505
2014-04-12,5518
2014-04-13,5523
2014-04-14,5531
2014-04-15,5539
2014-04-16,5541
2014-04-17,5546
2014-04-18,5548
2014-04-19,5549
2014-04-21,5786
2014-04-22,5797
2014-04-23,5815
2014-04-24,5837
2014-04-25,5842
2014-04-26,5857
2014-04-27,5887
2014-04-28,5891
2014-04-29,5909
2014-04-30,5930
2014-05-01,5969
2014-05-02,5983
2014-05-03,5986
2014-05-04,6002
2014-05-05,6022
2014-05-06,6057
2014-05-07,6079
2014-05-08,6102
2014-05-09,6112
2014-05-10,6117
2014-05-12,6123
2014-05-13,6131
2014-05-14,6132
2014-05-15,6135
2014-05-16,6136
2014-05-17,6149
2014-05-18,6152
2014-05-19,6164
2014-05-20,6189
2014-05-21,6190
2014-05-22,6198
2014-05-23,6199
2014-05-24,6202
2014-05-25,6206
2014-05-26,6209
2014-05-28,6214
2014-05-29,6226
2014-05-31,6228
2014-06-03,6229
2014-06-02,6235
2014-06-05,6237
2014-06-06,6239
2014-06-09,6240
2014-06-10,6241
2014-06-12,6247
2014-06-18,6250
2014-06-21,6251
2014-06-23,6255
2014-06-24,6257
2014-06-25,6258
2014-06-26,6260
2014-06-27,6262
2014-06-28,6263
2014-06-29,6265
2014-07-02,6268
2014-07-03,6269
2014-07-05,6271
2014-07-07,6272
2014-07-08,6276
2014-07-09,6277
2014-07-10,6278
2014-07-17,6283
2014-07-21,6284
2014-07-22,6287
2014-07-24,6288
2014-07-27,6289
2014-07-28,6291
2014-07-30,6293
2014-07-31,6297
2014-08-01,6298
2014-08-05,6318
2014-08-06,6355
2014-08-07,6358
2014-08-08,6373
2014-08-09,6375
2014-08-10,6381
2014-08-11,6385
2014-08-12,6387
2014-08-17,6388
2014-08-19,6389
2014-08-22,6390
2014-08-23,6391
2014-08-24,6392
2014-08-25,6395
2014-08-28,6396
2014-08-29,6430
2014-08-30,6440
2014-08-31,6446
2014-09-01,6449
2014-09-02,6457
2014-09-03,6464
2014-09-04,6475
2014-09-06,6477
2014-09-07,6480
2014-09-09,6481
2014-09-11,6487
2014-09-12,6488
2014-09-15,6491
2014-09-16,6495
2014-09-18,6496
2014-09-20,6497
2014-09-21,6499
2014-09-23,6501
2014-09-24,6502
2014-09-26,6504
2014-09-29,6506
2014-10-06,6507
2014-10-07,6508
2014-10-08,6510
2014-10-10,6516
2014-10-11,6518
2014-10-13,6520
2014-10-14,6521
2014-10-15,6522
2014-10-16,6527
2014-10-17,6533
2014-10-18,6538
2014-10-19,6540
2014-10-20,6546
2014-10-21,6558
2014-10-22,6587
2014-10-23,6679
2014-10-24,6700
2014-10-25,6705
2014-10-27,6707
2014-10-28,6708
2014-10-30,6730
2014-10-31,6732
2014-11-04,6739
2014-11-05,6742
2014-11-06,6745
2014-11-07,6751
2014-11-10,6758
2014-11-11,6759
2014-11-14,6761
2014-11-16,6762
2014-11-18,6763
2014-11-24,6766
2014-11-25,6771
2014-11-28,6772
2014-11-30,6778
2014-12-01,6779
2014-12-02,6782
2014-12-03,6784
2014-12-04,6786
2014-12-07,6789
2014-12-08,6875
2014-12-09,6886
2014-12-10,6892
2014-12-11,6933
2014-12-12,6952
2014-12-13,6955
2014-12-14,6968
2014-12-15,6977
2014-12-16,6989
2014-12-17,6992
2014-12-18,6995
2014-12-19,7002
2014-12-21,7005
2014-12-22,7007
2014-12-23,7009
2014-12-24,7011
2014-12-25,7013
2014-12-28,7015
2014-12-29,7017
2014-12-30,7020
2014-12-31,7021
2015-01-01,7022
2015-01-04,7035
2015-01-05,7070
2015-01-06,7087
2015-01-07,7094
2015-01-08,7100
2015-01-09,7107
2015-01-11,7109
2015-01-12,7119
2015-01-13,7125
2015-01-14,7129
2015-01-15,7131
2015-01-16,7133
2015-01-17,7137
2015-01-19,7138
2015-01-20,7159
2015-01-21,7170
2015-01-22,7173
2015-01-24,7175
2015-01-26,7176
2015-01-28,7181
2015-01-29,7185
2015-02-02,7191
2015-02-03,7200
2015-02-04,7204
2015-02-07,7205
2015-02-08,7206
2015-02-09,7208
2015-02-10,7209
2015-02-11,7214
2015-02-12,7216
2015-02-13,7217
2015-02-14,7223
2015-02-15,7225
2015-02-16,7229
2015-02-17,7230
2015-02-18,7231
2015-02-20,7233
2015-02-24,7277
2015-02-25,7278
2015-02-27,7285
2015-03-01,7287
2015-03-04,7290
2015-03-06,7291
2015-03-12,7292
2015-03-13,7294
2015-03-16,7295
2015-03-15,7296
2015-03-18,7297
2015-03-22,7298
2015-03-23,7300
2015-03-25,7301
2015-03-28,7302
2015-03-30,7314
2015-03-31,7316
2015-04-02,7320
2015-04-06,7321
2015-04-10,7322
2015-04-11,7327
2015-04-12,7335
2015-04-13,7337
2015-04-14,7339
2015-04-16,7341
2015-04-17,7342
2015-04-18,7343
2015-04-20,7347
2015-04-21,7352
2015-04-22,7356
2015-04-23,7357
2015-04-25,7358
2015-04-26,7360
2015-04-27,7362
2015-04-28,7364
2015-04-29,7365
2015-04-30,7366
2015-05-02,7368
2015-05-06,7371
2015-05-07,7372
2015-05-09,7373
2015-05-11,7375
2015-05-12,7376
2015-05-13,7378
2015-05-14,7381
2015-05-15,7382
2015-05-19,7388
2015-05-21,7389
2015-05-22,7390
2015-05-24,7392
2015-05-25,7395
2015-05-26,7396
2015-05-30,7481
2015-05-31,7513
2015-06-01,7519
2015-06-02,7527
2015-06-03,7530
2015-06-04,7532
2015-06-05,7541
2015-06-06,7543
2015-06-08,7546
2015-06-10,7550
2015-06-24,7551
2015-06-30,7554
2015-07-01,7555
2015-07-04,7556
2015-07-05,7560
2015-07-06,7620
2015-07-07,7630
2015-07-08,7646
2015-07-09,7704
2015-07-10,7736
2015-07-11,7741
2015-07-13,7755
2015-07-14,7758
2015-07-15,7769
2015-07-16,7774
2015-07-17,7779
2015-07-18,7785
2015-07-19,7787
2015-07-20,7791
2015-07-26,7792
2015-07-27,7794
2015-07-28,7799
2015-07-31,7801
2015-08-03,7802
2015-08-06,7804
2015-08-07,7806
2015-08-09,7807
2015-08-12,7811
2015-08-13,7812
2015-08-15,7814
2015-08-16,7815
2015-08-17,7820
2015-08-18,7821
2015-08-19,7823
2015-08-20,7824
2015-08-21,7825
2015-08-25,7829
2015-08-26,7830
2015-08-27,7831
2015-08-29,7833
2015-08-30,7834
2015-08-31,7839
2015-09-02,7840
2015-09-03,7841
2015-09-08,7843
2015-09-09,7844
2015-09-10,7845
2015-09-11,7846
2015-09-12,7848
2015-09-13,7849
2015-09-16,7850
2015-09-20,7853
2015-09-23,7855
2015-09-22,7858
2015-09-24,7865
2015-09-25,7866
2015-09-27,7869
2015-09-28,7872
2015-09-30,7875
2015-10-01,7882
2015-10-06,7889
2015-10-07,7899
2015-10-08,7931
2015-10-09,7933
2015-10-10,7934
2015-10-11,7937
2015-10-12,7941
2015-10-14,7942
2015-10-15,7946
2015-10-16,7949
2015-10-17,7951
2015-10-22,7952
2015-10-26,7956
2015-10-27,7957
2015-10-28,7959
2015-10-29,7960
2015-10-31,7962
2015-11-02,7966
2015-11-03,7967
2015-11-04,7972
2015-11-05,7980
2015-11-06,7981
2015-11-08,7985
2015-11-09,7989
2015-11-10,7990
2015-11-12,7993
2015-11-13,7994
2015-11-14,8002
2015-11-15,8003
2015-11-16,8005
2015-11-17,8010
2015-11-18,8155
2015-11-19,8226
2015-11-20,8245
2015-11-21,8249
2015-11-22,8251
2015-11-23,8295
2015-11-24,8307
2015-11-25,8313
2015-11-26,8317
2015-11-27,8320
2015-11-28,8321
2015-12-01,8327
2015-12-02,8335
2015-12-03,8341
2015-12-04,8346
2015-12-05,8351
2015-12-07,8359
2015-12-08,8366
2015-12-09,8367
2015-12-10,8373
2015-12-14,8379
2015-12-16,8383
2015-12-17,8384
2015-12-19,8385
2015-12-20,8390
2015-12-21,8396
2015-12-22,8407
2015-12-23,8409
2015-12-24,8429
2015-12-27,8432
2015-12-28,8434
2015-12-29,8437
2015-12-30,8440
2016-01-01,8441
2016-01-02,8442
2016-01-04,8443
2016-01-05,8446
2016-01-06,8448
2016-01-07,8449
2016-01-08,8451
2016-01-09,8452
2016-01-10,8455
2016-01-11,8458
2016-01-12,8460
2016-01-13,8462
2016-01-14,8468
2016-01-15,8469
2016-01-16,8470
2016-01-17,8471
2016-01-19,8475
2016-01-20,8479
2016-01-21,8481
2016-01-24,8483
2016-01-25,8488
2016-01-27,8495
2016-01-29,8499
2016-01-31,8500
2016-01-30,8501
2016-02-02,8507
2016-02-03,8539
2016-02-04,8547
2016-02-05,8551
2016-02-07,8554
2016-02-08,8557
2016-02-10,8559
2016-02-11,8561
2016-02-12,8565
2016-02-14,8566
2016-02-16,8569
2016-02-17,8572
2016-02-18,8573
2016-02-20,8574
2016-02-19,8576
2016-02-25,8578
2016-02-26,8580
2016-02-27,8583
2016-02-28,8584
2016-02-29,8588
2016-03-01,8590
2016-03-02,8592
2016-03-04,8597
2016-03-05,8600
2016-03-06,8601
2016-03-07,8606
2016-03-08,8614
2016-03-09,8615
2016-03-17,8628
2016-03-19,8629
2016-03-20,8630
2016-03-21,8632
2016-03-26,8633
2016-03-31,8639
2016-04-01,8640
2016-04-04,8642
2016-04-05,8649
2016-04-06,8650
2016-04-07,8654
2016-04-08,8658
2016-04-10,8660
2016-04-12,8661
2016-04-13,8662
2016-04-17,8664
2016-04-18,8666
2016-04-20,8668
2016-04-21,8671
2016-04-22,8673
2016-04-24,8675
2016-04-28,8676
2016-04-30,8678
2016-05-02,8679
2016-05-03,8680
2016-05-04,8685
2016-05-05,8686
2016-05-08,8688
2016-05-10,8692
2016-05-11,8693
2016-05-12,8694
2016-05-13,8697
2016-05-14,8698
2016-05-16,8700
2016-05-19,8704
2016-05-20,8707
2016-05-21,8708
2016-05-23,8710
2016-05-26,8712
2016-05-27,8733
2016-05-28,8744
2016-05-29,8774
2016-05-30,8791
2016-05-31,8806
2016-06-01,8809
2016-06-02,8810
2016-06-03,8812
2016-06-04,8814
2016-06-06,8917
2016-06-07,8919
2016-06-08,8925
2016-06-09,8930
2016-06-10,8934
2016-06-11,8944
2016-06-12,8948
2016-06-13,8951
2016-06-14,8953
2016-06-15,8957
2016-06-16,8968
2016-06-17,8978
2016-06-18,8989
2016-06-19,8997
2016-06-20,9005
2016-06-28,9006
2016-06-30,9007
2016-07-12,9010
2016-07-13,9013
2016-07-14,9014
2016-07-15,9016
2016-07-18,9074
2016-07-19,9079
2016-07-20,9080
2016-07-22,9085
2016-07-23,9092
2016-07-24,9096
2016-07-25,9100
2016-07-26,9108
2016-07-28,9111
2016-08-03,9113
2016-08-04,9114
2016-08-08,9117
2016-08-09,9119
2016-08-10,9125
2016-08-11,9138
2016-08-12,9147
2016-08-13,9148
2016-08-15,9149
2016-08-16,9151
2016-08-17,9153
2016-08-19,9163
2016-08-23,9165
2016-08-25,9166
2016-08-26,9167
2016-09-04,9168
2016-09-07,9169
2016-09-14,9170
2016-09-16,9171
2016-09-15,9177
2016-09-18,9178
2016-09-20,9179
2016-09-21,9183
2016-09-23,9185
2016-09-26,9188
2016-09-27,9190
2016-09-28,9194
2016-09-29,9195
2016-09-30,9205
2016-10-02,9208
2016-10-04,9213
2016-10-05,9216
2016-10-06,9227
2016-10-07,9240
2016-10-08,9243
2016-10-09,9246
2016-10-10,9256
2016-10-12,9257
2016-10-11,9268
2016-10-13,9271
2016-10-14,9272
2016-10-15,9273
2016-10-17,9275
2016-10-19,9278
2016-10-20,9279
2016-10-22,9282
2016-10-21,9286
2016-10-23,9287
2016-10-24,9290
2016-10-25,9302
2016-10-26,9307
2016-10-27,9309
2016-10-28,9311
2016-10-29,9320
2016-10-30,9321
2016-10-31,9322
2016-11-01,9324
2016-11-04,9330
2016-11-07,9340
2016-11-08,9344
2016-11-09,9360
2016-11-10,9361
2016-11-11,9372
2016-11-13,9373
2016-11-14,9385
2016-11-15,9390
2016-11-16,9398
2016-11-17,9402
2016-11-21,9405
2016-11-22,9416
2016-11-23,9417
2016-11-28,9427
2016-11-29,9431
2016-11-30,9434
2016-12-01,9438
2016-12-05,9450
2016-12-06,9453
2016-12-07,9463
2016-12-08,9467
2016-12-10,9468
2016-12-11,9470
2016-12-13,9472
2016-12-14,9474
2016-12-20,9475
2016-12-21,9477
2016-12-28,9479
2017-01-02,9481
2017-01-05,9496
2017-01-06,9498
2017-01-12,9503
2017-01-15,9504
2017-01-20,9505
2017-01-27,9506
2017-01-30,9507
2017-02-01,9523
2017-02-02,9524
2017-02-06,9526
2017-02-07,9529
2017-02-08,9533
2017-02-09,9542
2017-02-14,9543
2017-02-16,9546
2017-02-20,9547
2017-02-22,9555
2017-02-23,9572
2017-02-24,9579
2017-02-27,9583
2017-02-28,9592
2017-03-01,9593
2017-03-02,9597
2017-03-03,9602
2017-03-04,9603
2017-03-06,9619
2017-03-07,9625
2017-03-08,9639
2017-03-09,9646
2017-03-13,9651
2017-03-14,9652
2017-03-15,9656
2017-03-17,9661
2017-03-19,9662
2017-03-20,9665
2017-03-21,9670
2017-03-22,9673
2017-03-23,9694
2017-03-24,9701
2017-03-27,9705
2017-03-29,9706
2017-03-28,9720
2017-03-30,9721
2017-04-02,9722
2017-04-03,9727
2017-04-04,9731
2017-04-05,9739
2017-04-06,9748
2017-04-10,9749
2017-04-11,9751
2017-04-12,9754
2017-04-13,9756
2017-04-14,9758
2017-04-15,9759
2017-04-16,9770
2017-04-17,9775
2017-04-18,9780
2017-04-19,9782
2017-04-20,9792
2017-04-21,9794
2017-04-24,9800
2017-04-25,9805
2017-04-26,9811
2017-04-28,9812
2017-05-01,9822
2017-05-02,9823
2017-05-03,9826
2017-05-04,9827
2017-05-05,9834
2017-05-08,9853
2017-05-09,9855
2017-05-10,9864
2017-05-12,9884
2017-05-15,9891
2017-05-16,9892
2017-05-17,9893
2017-05-18,9895
2017-05-19,9904
2017-05-25,9907
2017-05-26,9908
2017-05-27,9909
2017-05-30,9913
2017-05-31,9919
2017-06-01,9920
2017-06-02,9921
2017-06-05,9924
2017-06-06,9927
2017-06-07,9931
2017-06-08,9932
2017-06-09,9934
2017-06-10,9935
2017-06-12,9937
2017-06-13,9943
2017-06-14,9960
2017-06-15,9969
2017-06-16,9972
2017-06-19,9980
2017-06-20,9981
2017-06-21,9982
2017-06-22,9988
2017-06-23,9992
2017-06-26,9997
2017-06-27,10012
2017-06-28,10017
2017-06-29,10021
2017-06-30,10024
2017-07-03,10027
2017-07-05,10032
2017-07-06,10041
2017-07-07,10053
2017-07-08,10056
2017-07-09,10057
2017-07-10,10058
2017-07-11,10059
2017-07-12,10061
2017-07-14,10067
2017-07-17,10073
2017-07-19,10076
2017-07-20,10082
2017-07-21,10086
2017-07-22,10088
2017-07-24,10091
2017-07-26,10101
2017-07-27,10102
2017-07-28,10103
2017-07-31,10108
2017-08-01,10111
2017-08-02,10113
2017-08-03,10117
2017-08-04,10118
2017-08-07,10120
2017-08-08,10121
2017-08-09,10129
2017-08-10,10135
2017-08-11,10138
2017-08-12,10139
2017-08-14,10147
2017-08-15,10155
2017-08-16,10162
2017-08-17,10163
2017-08-18,10164
2017-08-21,10186
2017-08-22,10194
2017-08-23,10197
2017-08-26,10198
2017-08-25,10205
2017-08-27,10206
2017-08-28,10207
2017-08-29,10217
2017-08-30,10223
2017-08-31,10224
2017-09-03,10225
2017-09-05,10228
2017-09-06,10262
2017-09-07,10265
2017-09-09,10266
2017-09-11,10267
2017-09-13,10268
2017-09-14,10269
2017-09-15,10270
2017-09-18,10271
2017-09-20,10272
2017-09-22,10276
2017-09-25,10277
2017-09-26,10278
2017-09-28,10283
2017-09-29,10293
2017-10-03,10295
2017-10-04,10303
2017-10-05,10313
2017-10-10,10315
2017-10-11,10317
2017-10-13,10318
2017-10-17,10319
2017-10-18,10321
2017-10-20,10331
2017-10-23,10350
2017-10-24,10356
2017-10-26,10359
2017-10-30,10360
2017-10-31,10362
2017-11-01,10363
2017-11-02,10374
2017-11-04,10375
2017-11-06,10376
2017-11-07,10378
2017-11-09,10379
2017-11-10,10381
2017-11-15,10386
2017-11-17,10389
2017-11-19,10390
2017-11-22,10392
2017-11-29,10393
2017-12-01,10396
2017-12-05,10399
2017-12-06,10403
2017-12-07,10405
2017-12-08,10406
2017-12-10,10407
2017-12-12,10409
2017-12-13,10423
2017-12-14,10434
2017-12-15,10441
2017-12-20,10444
2017-12-21,10462
2017-12-25,10463
2017-12-27,10465
2017-12-28,10466
2018-01-01,10467
2018-01-02,10474
2018-01-03,10484
2018-01-04,10488
2018-01-05,10494
2018-01-06,10495
2018-01-08,10501
2018-01-09,10509
2018-01-10,10512
2018-01-11,10513
2018-01-12,10533
2018-01-15,10534
2018-01-16,10557
2018-01-17,10558
2018-01-18,10559
2018-01-19,10561
2018-01-20,10562
2018-01-22,10563
2018-01-25,10573
2018-01-26,10576
2018-01-29,10579
2018-01-31,10581
2018-02-01,10585
2018-02-02,10588
2018-02-06,10590
2018-02-07,10592
2018-02-08,10594
2018-02-09,10598
2018-02-10,10601
2018-02-12,10605
2018-02-14,10609
2018-02-15,10612
2018-02-16,10617
2018-02-21,10623
2018-02-22,10632
2018-02-23,10645
2018-02-25,10647
2018-02-26,10652
2018-02-27,10653
2018-02-28,10670
2018-03-01,10672
2018-03-06,10674
2018-03-07,10676
2018-03-08,10679
2018-03-09,10681
2018-03-12,10682
2018-03-14,10683
2018-03-15,10691
2018-03-16,10696
2018-03-20,10699
2018-03-21,10700
2018-03-22,10711
2018-03-23,10714
2018-03-26,10716
2018-03-27,10721
2018-04-02,10725
2018-04-03,10726
2018-04-04,10746
2018-04-05,10753
2018-04-06,10756
2018-04-09,10762
2018-04-10,10775
2018-04-12,10778
2018-04-16,10781
2018-04-17,10783
2018-04-18,10790
2018-04-19,10793
2018-04-20,10888
2018-04-23,10892
2018-04-24,10900
2018-04-25,10906
2018-04-26,10920
2018-04-27,10931
2018-04-30,10932
2018-05-01,10934
2018-05-02,10948
2018-05-03,10961
2018-05-04,10970
2018-05-06,10972
2018-05-07,10989
2018-05-08,10993
2018-05-09,10999
2018-05-10,11000
2018-05-11,11008
2018-05-16,11010
2018-05-17,11012
2018-05-21,11013
2018-05-22,11017
2018-05-23,11018
2018-05-24,11025
2018-05-25,11034
2018-05-29,11038
2018-05-30,11045
2018-05-31,11048
2018-06-04,11050
2018-06-06,11052
2018-06-07,11053
2018-06-08,11061
2018-06-10,11062
2018-06-11,11065
2018-06-12,11088
2018-06-13,11098
2018-06-14,11099
2018-06-15,11104
2018-06-17,11105
2018-06-18,11126
2018-06-19,11127
2018-06-26,11132
2018-06-27,11133
2018-06-28,11134
2018-06-29,11138
2018-07-02,11139
2018-07-04,11140
2018-07-06,11151
2018-07-09,11152
2018-07-12,11155
2018-07-13,11161
2018-07-14,11162
2018-07-16,11165
2018-07-17,11180
2018-07-18,11205
2018-07-19,11212
2018-07-20,11216
2018-07-27,11242
2018-07-28,11243
2018-07-30,11253
2018-07-31,11265
2018-08-01,11266
2018-08-02,11273
2018-08-03,11274
2018-08-04,11275
2018-08-06,11276
2018-08-07,11278
2018-08-08,11283
2018-08-13,11284
2018-08-14,11288
2018-08-15,11289
2018-08-16,11291
2018-08-17,11310
2018-08-22,11311
2018-08-23,11312
2018-08-24,11314
2018-08-28,11316
2018-08-29,11320
2018-08-30,11332
2018-08-31,11342
2018-09-03,11343
2018-09-04,11346
2018-09-05,11353
2018-09-07,11367
2018-09-10,11374
2018-09-11,11380
2018-09-12,11383
2018-09-17,11392
2018-09-18,11398
2018-09-19,11412
2018-09-20,11428
2018-09-21,11429
2018-09-24,11432
2018-09-25,11437
2018-09-26,11444
2018-09-27,11446
2018-09-28,11450
2018-10-01,11456
2018-10-02,11457
2018-10-03,11460
2018-10-04,11466
2018-10-05,11467
2018-10-08,11477
2018-10-09,11486
2018-10-10,11490
2018-10-11,11498
2018-10-12,11511
2018-10-16,11522
2018-10-17,11528
2018-10-18,11533
2018-10-19,11539
2018-10-22,11540
2018-10-23,11544
2018-10-24,11551
2018-10-25,11553
2018-10-26,11555
2018-10-27,11557
2018-10-28,11558
2018-10-29,11561
2018-10-30,11562
2018-10-31,11566
2018-11-01,11571
2018-11-02,11588
2018-11-05,11601
2018-11-06,11605
2018-11-07,11613
2018-11-08,11616
2018-11-09,11622
2018-11-10,11623
2018-11-12,11641
2018-11-13,11660
2018-11-15,11668
2018-11-16,11671
2018-11-26,11672
2018-11-27,11677
2018-11-28,11678
2018-11-30,11681
2018-12-01,11683
2018-12-03,11691
2018-12-04,11695
2018-12-05,11696
2018-12-06,11705
2018-12-07,11724
2018-12-10,11726
2018-12-11,11733
2018-12-13,11742
2018-12-17,11747
2018-12-18,11754
2018-12-19,11763
2018-12-20,11768
2018-12-21,11769
2018-12-22,11770
2018-12-23,11771
2018-12-31,11772
2019-01-02,11773
2019-01-03,11784
2019-01-04,11788
2019-01-07,11796
2019-01-08,11804
2019-01-09,11816
2019-01-11,11819
2019-01-14,11820
2019-01-17,11822
2019-01-18,11823
2019-01-20,11824
2019-01-22,11825
2019-01-24,11827
2019-01-25,11832
2019-01-28,11835
2019-01-29,11837
2019-02-01,11862
2019-02-04,11866
2019-02-05,11870
2019-02-06,11871
2019-02-07,11874
2019-02-11,11875
2019-02-12,11889
2019-02-14,11891
2019-02-15,11893
2019-02-17,11894
2019-02-19,11895
2019-02-20,11897
2019-02-21,11898
2019-02-22,11903
2019-02-26,11912
2019-02-27,11915
2019-02-28,11916
2019-03-01,11935
2019-03-04,11947
2019-03-05,11953
2019-03-07,11957
2019-03-08,11958
2019-03-11,11964
2019-03-12,11966
2019-03-19,11975
2019-03-20,11986
2019-03-21,11999
2019-03-22,12009
2019-03-25,12017
2019-03-28,12022
2019-03-29,12025
2019-04-01,12026
2019-04-02,12027
2019-04-09,12035
2019-04-12,12037
2019-04-15,12038
2019-04-19,12039
2019-04-22,12040
2019-04-24,12043
2019-04-25,12050
2019-04-26,12051
2019-04-29,12052
2019-05-03,12053
2019-05-06,12054
2019-05-08,12066
2019-05-09,12069
2019-05-10,12070
2019-05-13,12075
2019-05-14,12078
2019-05-21,12080
2019-05-24,12084
2019-05-28,12085
2019-05-29,12088
2019-05-30,12091
2019-06-04,12105
2019-06-05,12122
2019-06-10,12123
2019-06-11,12124
2019-06-13,12127
2019-06-14,12128
2019-06-17,12137
2019-06-19,12144
2019-06-20,12148
2019-06-21,12150
2019-06-24,12151
2019-06-25,12154
2019-06-26,12158
2019-07-08,12159
2019-07-10,12160
2019-07-14,12161
2019-07-18,12166
2019-07-19,12167
2019-07-26,12169
2019-07-30,12171
2019-08-02,12173
2019-08-03,12175
2019-08-05,12178
2019-08-06,12183
2019-08-08,12189
2019-08-09,12190
2019-08-14,12191
2019-08-16,12192
2019-08-19,12196
2019-08-20,12198
2019-08-21,12200
2019-08-22,12201
2019-08-23,12202
2019-08-26,12204
2019-08-27,12214
2019-08-28,12223
2019-08-29,12226
2019-09-04,12227
2019-09-05,12230
2019-09-06,12240
2019-09-08,12241
2019-09-10,12244
2019-09-11,12250
2019-09-12,12254
2019-09-17,12255
2019-09-18,12256
2019-09-22,12257
2019-09-23,12259
2019-09-24,12265
2019-09-26,12268
2019-09-28,12269
2019-10-01,12272
2019-10-02,12282
2019-10-03,12283
2019-10-04,12286
2019-10-05,12288
2019-10-07,12296
2019-10-08,12314
2019-10-09,12319
2019-10-10,12326
2019-10-11,12328
2019-10-14,12332
2019-10-15,12333
2019-10-21,12335
2019-10-24,12336
2019-10-25,12338
2019-10-28,12339
2019-10-30,12340
2019-10-31,12342
2019-11-01,12349
2019-11-04,12351
2019-11-05,12353
2019-11-06,12357
2019-11-07,12363
2019-11-11,12367
2019-11-12,12379
2019-11-13,12381
2019-11-14,12383
2019-11-15,12389
2019-11-17,12390
2019-11-19,12397
2019-11-21,12402
2019-11-22,12470
2019-11-25,12472
2019-11-28,12473
2019-12-03,12474
2019-12-05,12476
2019-12-11,12479
2019-12-16,12481
2019-12-17,12501
2019-12-18,12507
2019-12-19,12509
2019-12-20,12512
2020-01-06,12515
2020-01-07,12518
2020-01-08,12520
2020-01-09,12521
2020-01-11,12522
2020-01-13,12525
2020-01-15,12526
2020-01-16,12528
2020-01-21,12531
2020-01-27,12536
2020-01-29,12538
2020-01-30,12541
2020-01-31,12545
2020-02-03,12550
2020-02-04,12551
2020-02-05,12553
2020-02-06,12554
2020-02-07,12557
2020-02-10,12674
2020-02-11,12678
2020-02-12,12689
2020-02-13,12690
2020-02-14,12694
2020-02-15,12696
2020-02-18,12698
2020-02-23,12701
2020-03-02,12702
2020-03-03,12714
2020-03-04,12729
2020-03-05,12731
2020-03-06,12735
2020-03-07,12737
2020-03-09,12750
2020-03-10,12767
2020-03-11,12769
2020-03-13,12771
2020-03-17,12772
2020-03-18,12773
2020-03-19,12775
2020-03-20,12776
2020-03-23,12786
2020-03-24,12792
2020-03-25,12798
2020-03-26,12801
2020-03-27,12805
2020-03-28,12808
2020-03-30,12822
2020-03-31,12823
2020-04-01,12826
2020-04-02,12827
2020-04-03,12836
2020-04-05,12840
2020-04-06,12850
2020-04-08,12855
2020-04-10,12856
2020-04-13,12861
2020-04-15,12865
2020-04-16,12871
2020-04-17,12883
2020-04-20,12890
2020-04-21,12892
2020-04-22,12899
2020-04-23,12900
2020-04-24,12901
2020-04-28,12902
2020-04-29,12906
2020-04-30,12908
2020-05-01,12911
2020-05-04,12918
2020-05-05,12919
2020-05-06,12928
2020-05-07,12935
2020-05-08,12936
2020-05-11,12940
2020-05-12,12945
2020-05-13,12975
2020-05-14,12978
2020-05-15,12980
2020-05-18,12981
2020-05-19,12982
2020-05-20,12986
2020-05-21,12989
2020-05-26,12992
2020-05-27,12996
2020-05-28,13026
2020-05-29,13060
2020-06-01,13064
2020-06-03,13066
2020-06-04,13072
2020-06-05,13078
2020-06-08,13082
2020-06-09,13086
2020-06-10,13090
2020-06-11,13094
2020-06-12,13111
2020-06-15,13121
2020-06-16,13127
2020-06-17,13129
2020-06-24,13130
2020-06-26,13131
2020-06-29,13143
2020-06-30,13246
2020-07-01,13247
2020-07-02,13250
2020-07-03,13251
2020-07-05,13253
2020-07-06,13261
2020-07-07,13264
2020-07-08,13273
2020-07-09,13315
2020-07-10,13320
2020-07-11,13323
2020-07-13,13327
2020-07-14,13328
2020-07-16,13344
2020-07-17,13347
2020-07-20,13359
2020-07-22,13361
2020-07-23,13367
2020-07-24,13369
2020-07-27,13371
2020-07-28,13376
2020-07-29,13386
2020-07-30,13397
2020-07-31,13402
2020-08-05,13404
2020-08-06,13424
2020-08-07,13444
2020-08-10,13449
2020-08-11,13452
2020-08-12,13459
2020-08-17,13460
2020-08-18,13464
2020-08-19,13479
2020-08-20,13482
2020-08-21,13492
2020-08-24,13496
2020-08-27,13498
2020-08-28,13499
2020-09-01,13500
2020-09-02,13521
2020-09-03,13527
2020-09-04,13532
2020-09-08,13535
2020-09-09,13536
2020-09-10,13538
2020-09-12,13539
2020-09-14,13541
2020-09-15,13561
2020-09-16,13564
2020-09-17,13567
2020-09-18,13568
2020-09-22,13588
2020-09-23,13591
2020-09-25,13592
2020-09-30,13594
2020-10-01,13595
2020-10-02,13599
2020-10-03,13600
2020-10-06,13601
2020-10-07,13603
2020-10-08,13605
2020-10-09,13607
2020-10-13,13609
2020-10-14,13618
2020-10-15,13623
2020-10-18,13624
2020-10-19,13627
2020-10-21,13628
2020-10-22,13629
2020-10-26,13637
2020-10-27,13638
2020-10-28,13656
2020-10-30,13665
2020-10-31,13667
2020-11-02,13671
2020-11-03,13684
2020-11-05,13692
2020-11-06,13705
2020-11-09,13709
2020-11-11,13711
2020-11-13,13712
2020-11-16,13713
2020-11-17,13721
2020-11-18,13728
2020-11-20,13731
2020-11-24,13734
2020-12-03,13736
2020-12-04,13740
2020-12-10,13741
2020-12-14,13743
2020-12-22,13745
2021-01-04,13746
2021-01-05,13748
2021-01-06,13749
2021-01-07,13752
2021-01-12,13758
2021-01-13,13759
2021-01-14,13760
2021-01-20,13761
2021-01-21,13762
2021-01-23,13763
2021-01-25,13764
2021-01-26,13765
2021-01-28,13766
2021-02-01,13767
2021-02-04,13774
2021-02-09,13776
2021-02-10,13780
2021-02-11,13781
2021-02-12,13783
2021-02-17,13784
2021-02-19,13790
2021-02-20,13791
2021-02-22,13797
2021-02-23,13810
2021-02-24,13812
2021-02-25,13814
2021-02-26,13816
2021-03-01,13817
2021-03-08,13836
2021-03-09,13841
2021-03-10,13843
2021-03-11,13848
2021-03-12,13850
2021-03-13,13851
2021-03-15,13856
2021-03-17,13862
2021-03-18,13863
2021-03-23,13865
2021-03-24,13872
2021-03-25,13878
2021-03-27,13879
2021-03-29,13880
2021-03-30,13882
2021-03-31,13885
2021-04-05,13887
2021-04-06,13890
2021-04-07,13895
2021-04-12,13896
2021-04-13,13906
2021-04-14,13912
2021-04-15,13913
2021-04-22,13914
2021-04-23,13915
2021-04-27,13916
2021-04-28,13917
2021-04-29,13921
2021-04-30,13922
2021-05-01,13923
2021-05-03,13924
2021-05-06,13925
2021-05-10,13927
2021-05-12,13928
2021-05-17,13931
2021-05-18,13933
2021-05-24,13937
2021-05-25,13940
2021-05-26,13944
2021-05-27,13946
2021-06-01,13947
2021-06-04,13948
2021-06-05,13950
2021-06-08,13951
2021-06-09,13960
2021-06-10,13961
2021-06-11,13966
2021-06-14,13968
2021-06-15,13972
2021-06-17,13978
2021-06-19,13979
2021-06-21,13982
2021-06-22,13991
2021-06-23,13992
2021-06-24,13994
2021-06-25,13998
2021-06-28,14001
2021-06-29,14014
2021-07-01,14017
2021-07-02,14022
2021-07-06,14025
2021-07-07,14027
2021-07-08,14028
2021-07-09,14031
2021-07-12,14037
2021-07-22,14038
2021-07-27,14045
2021-08-02,14047
2021-08-06,14048
2021-08-13,14052
2021-08-20,14053
2021-08-23,14054
2021-08-27,14055
2021-09-01,14056
2021-09-15,14057
2021-09-27,14058
2021-10-01,14059
2021-10-04,14060
2021-10-06,14061
2021-10-11,14062
2021-10-13,14063
2021-10-14,14064
2021-10-18,14066
2021-10-19,14067
2021-10-20,14069
2021-10-24,14071
2021-10-25,14072
2021-10-28,14074
2021-10-29,14081
2021-11-01,14084
2021-11-02,14099
2021-11-03,14102
2021-11-04,14108
2021-11-05,14113
2021-11-08,14118
2021-11-09,14119
2021-12-03,14120
2021-12-07,14121
2021-12-09,14122
2021-12-13,14123
2021-12-15,14126
2021-12-16,14127
2021-12-17,14129
2021-12-22,14130
2021-12-23,14132
2022-01-06,14134
2022-01-14,14137
2022-01-22,14138
2022-01-28,14139
2022-02-04,14140
2022-02-07,14141
2022-04-17,14142
2022-04-19,14143
2022-04-25,15605
2022-04-27,15609
2022-04-28,15611
2022-04-29,15613
2022-05-02,15621
2022-05-04,15643
2022-05-06,15646
2022-05-10,15650
2022-05-11,15654
2022-05-12,15655
2022-05-13,15662
2022-05-16,15667
2022-05-17,15671
2022-05-18,15673
2022-05-23,15674
2022-05-24,15680
2022-05-25,15702
2022-05-26,15703
2022-05-27,15704
2022-05-31,15712
2022-06-01,15713
2022-06-02,15714
2022-06-03,15720
2022-06-06,15724
2022-06-07,15726
2022-06-08,15741
2022-06-10,15744
2022-06-13,15745
2022-06-15,15804
2022-06-20,15828
2022-06-21,15834
2022-06-22,15835
2022-06-24,15843
2022-06-27,15859
2022-06-28,15871
2022-06-29,15888
2022-06-30,15900
2022-07-01,15907
2022-07-06,15908
2022-07-07,15927
2022-07-08,15961
2022-07-11,15969
2022-07-13,15976
2022-07-14,15978
2022-07-15,15984
2022-07-18,15987
2022-07-20,15991
2022-07-21,15994
2022-07-25,16014
2022-07-26,16019
2022-07-27,16023
2022-07-28,16046
2022-07-29,16054
2022-08-01,16060
2022-08-02,16062
2022-08-03,16072
2022-08-05,16076
2022-08-06,16077
2022-08-08,16081
2022-08-25,16084
2022-08-30,16085
2022-09-02,16086
2022-09-09,16087
2022-09-10,16088
2022-09-13,16096
2022-09-14,16106
2022-09-15,16107
2022-09-16,16108
2022-09-19,16126
2022-09-20,16129
2022-09-21,16144
2022-09-22,16148
2022-09-23,16152
2022-09-26,16153
2022-09-28,16167
2022-09-29,16169
2022-09-30,16170
2022-10-04,16172
2022-10-05,16174
2022-10-06,16176
2022-10-07,16178
2022-10-12,16180
2022-10-14,16182
2022-10-17,16186
2022-10-18,16189
2022-10-19,16192
2022-10-24,16196
2022-10-26,16200
2022-10-27,16207
2022-11-01,16210
2022-11-03,16217
2022-11-04,16230
2022-11-08,16258
2022-11-09,16259
2022-11-10,16260
2022-11-11,16261
2022-11-14,16274
2022-11-15,16277
2022-11-16,16279
2022-11-17,16280
2022-11-18,16281
2022-11-21,16282
2022-11-22,16284
2022-11-28,16286
2022-12-05,16287
2022-12-06,16288
2022-12-07,16289
2022-12-08,16300
2022-12-09,16312
2022-12-13,16313
2022-12-14,16314
2022-12-16,16315
2023-01-03,16320
2023-01-04,16321
2023-01-05,16323
2023-01-09,16324
2023-01-10,16325
2023-01-11,16327
2023-01-12,16331
2023-01-13,16333
2023-01-17,16334
2023-01-18,16337
2023-01-19,16339
2023-01-20,16344
2023-01-23,16352
2023-01-24,16353
2023-01-25,16355
2023-01-26,16356
2023-02-07,16361
2023-02-08,16363
2023-02-13,16364
2023-02-14,16373
2023-02-15,16378
2023-02-16,16383
2023-02-17,16386
2023-02-21,16396
2023-02-22,16406
2023-02-24,16412
2023-03-01,16414
2023-03-06,16415
2023-03-07,16416
2023-03-15,16419
2023-04-07,16420
2023-04-10,16422
2023-04-13,16425
2023-04-14,16427
